<?xml version="1.0" encoding="UTF-8"?>
<!-- Generated By github.com/sarim/goibus -->

<component>
    <name>org.freedesktop.IBus.GoVarnam.ml-inscript</name>
    <description>Varnam-ml-inscript Input Engine</description>
    <version>1.6.0</version>
    <license>AGPL-3.0</license>
    <author>Subin Siby</author>
    <homepage>https://varnamproject.github.io</homepage>
    <exec>/usr/local/bin/varnam-ibus-engine -ibus -s ml-inscript -lang ml</exec>
    <textdomain>ibus-varnam-ml-inscript</textdomain>
    <engines>
        <engine>
            <name>varnam-ml-inscript</name>
            <longname>Varnam-ml-inscript</longname>
            <description>Varnam-ml-inscript Input Method</description>
            <language>ml</language>
            <license>AGPL-3.0</license>
            <author>Subin Siby</author>
            <icon>/usr/local/share/varnam/ibus/icons/varnam-ml-inscript.png</icon>
            <layout>en</layout>
            <rank>0</rank>
            <setup>/usr/local/bin/varnam-ibus-engine -prefs -s ml-inscript -lang ml</setup>
            <version>1.6.0</version>
        </engine>
    </engines>
</component>
