<?xml version="1.0" encoding="UTF-8"?>
<!-- Generated By github.com/sarim/goibus -->

<component>
    <name>org.freedesktop.IBus.GoVarnam.te</name>
    <description>Varnam-te Input Engine</description>
    <version>1.6.0</version>
    <license>AGPL-3.0</license>
    <author>Subin Siby</author>
    <homepage>https://varnamproject.github.io</homepage>
    <exec>/usr/local/bin/varnam-ibus-engine -ibus -s te -lang te</exec>
    <textdomain>ibus-varnam-te</textdomain>
    <engines>
        <engine>
            <name>varnam-te</name>
            <longname>Varnam-te</longname>
            <description>Varnam-te Input Method</description>
            <language>te</language>
            <license>AGPL-3.0</license>
            <author>Subin Siby</author>
            <icon>/usr/local/share/varnam/ibus/icons/varnam-te.png</icon>
            <layout>en</layout>
            <rank>0</rank>
            <setup>/usr/local/bin/varnam-ibus-engine -prefs -s te -lang te</setup>
            <version>1.6.0</version>
        </engine>
    </engines>
</component>
