<?xml version="1.0" encoding="UTF-8"?>
<!-- Generated By github.com/sarim/goibus -->

<component>
    <name>org.freedesktop.IBus.GoVarnam.bn</name>
    <description>Varnam-bn Input Engine</description>
    <version>1.6.0</version>
    <license>AGPL-3.0</license>
    <author>Subin Siby</author>
    <homepage>https://varnamproject.github.io</homepage>
    <exec>/usr/local/bin/varnam-ibus-engine -ibus -s bn -lang bn</exec>
    <textdomain>ibus-varnam-bn</textdomain>
    <engines>
        <engine>
            <name>varnam-bn</name>
            <longname>Varnam-bn</longname>
            <description>Varnam-bn Input Method</description>
            <language>bn</language>
            <license>AGPL-3.0</license>
            <author>Subin Siby</author>
            <icon>/usr/local/share/varnam/ibus/icons/varnam-bn.png</icon>
            <layout>en</layout>
            <rank>0</rank>
            <setup>/usr/local/bin/varnam-ibus-engine -prefs -s bn -lang bn</setup>
            <version>1.6.0</version>
        </engine>
    </engines>
</component>
